epoch,step,total_loss,pred_loss,sigreg_loss
1,1,1.3613688945770264,1.3498167991638184,1.155206561088562
1,2,0.8940504193305969,0.8842806816101074,0.9769741296768188
1,3,0.6525685787200928,0.6440781354904175,0.849043071269989
1,4,0.5021111369132996,0.49399715662002563,0.8113977909088135
1,5,0.38795697689056396,0.37988248467445374,0.8074507713317871
1,6,0.2959728538990021,0.2882850766181946,0.7687777876853943
1,7,0.23338855803012848,0.22585652768611908,0.7532028555870056
1,8,0.18277136981487274,0.17503422498703003,0.7737149000167847
1,9,0.1429131031036377,0.13523823022842407,0.7674880027770996
1,10,0.11338460445404053,0.10554198920726776,0.7842617034912109
1,11,0.10210743546485901,0.09429802745580673,0.7809408903121948
1,12,0.08861005306243896,0.0806928426027298,0.7917212247848511
1,13,0.07161249965429306,0.06356160342693329,0.8050898909568787
1,14,0.06734980642795563,0.05925736948847771,0.8092435002326965
1,15,0.05160684138536453,0.04329245537519455,0.8314385414123535
1,16,0.04690136760473251,0.03859249874949455,0.830886721611023
1,17,0.04676683619618416,0.038388900458812714,0.8377937078475952
1,18,0.04466421157121658,0.036238331347703934,0.8425880074501038
1,19,0.03794421628117561,0.029326722025871277,0.8617494702339172
1,20,0.03788655996322632,0.029294144362211227,0.8592414855957031
1,21,0.03755667805671692,0.028900371864438057,0.8656306862831116
1,22,0.036957792937755585,0.028309747576713562,0.8648043274879456
1,23,0.035844847559928894,0.027159065008163452,0.8685780763626099
1,24,0.03303247317671776,0.02426065132021904,0.8771822452545166
1,25,0.03036120906472206,0.02153743803501129,0.8823771476745605
1,26,0.028435181826353073,0.019607994705438614,0.8827188611030579
1,27,0.02705458179116249,0.018183186650276184,0.8871395587921143
1,28,0.025382477790117264,0.016468627378344536,0.8913849592208862
1,29,0.023718956857919693,0.01478818990290165,0.8930767774581909
1,30,0.02276420220732689,0.01384442113339901,0.8919780254364014
1,31,0.021886330097913742,0.012900637462735176,0.8985692858695984
1,32,0.021869739517569542,0.012945672497153282,0.8924067616462708
1,33,0.019510183483362198,0.010480822995305061,0.9029361009597778
1,34,0.02007484994828701,0.01107710786163807,0.8997742533683777
1,35,0.019331084564328194,0.010274786502122879,0.9056298136711121
1,36,0.01831422746181488,0.009219339117407799,0.9094887971878052
1,37,0.01780857890844345,0.008732620626688004,0.9075959324836731
1,38,0.0171654149889946,0.008032185956835747,0.9133228659629822
1,39,0.018033821135759354,0.008934695273637772,0.909912645816803
1,40,0.01736488752067089,0.008229671977460384,0.9135215282440186
1,41,0.017375003546476364,0.008240541443228722,0.913446307182312
1,42,0.017916662618517876,0.008785378187894821,0.9131284356117249
1,43,0.0165414959192276,0.007397850044071674,0.9143646955490112
1,44,0.017398715019226074,0.008280545473098755,0.9118169546127319
1,45,0.016106028109788895,0.0069261593744158745,0.9179868102073669
1,46,0.016435563564300537,0.007257028482854366,0.917853593826294
1,47,0.016117537394165993,0.006946228910237551,0.9171309471130371
1,48,0.014968359842896461,0.005776024889200926,0.9192334413528442
1,49,0.015627369284629822,0.0064386893063783646,0.9188678860664368
1,50,0.014668947085738182,0.005439139436930418,0.9229807257652283
1,51,0.015033637173473835,0.005814982578158379,0.9218655228614807
1,52,0.014246960170567036,0.0049873236566782,0.9259636402130127
1,53,0.01466783881187439,0.005443071946501732,0.9224767088890076
1,54,0.015133144333958626,0.005903222598135471,0.9229921698570251
1,55,0.014110487885773182,0.004866196773946285,0.9244291186332703
1,56,0.014492630958557129,0.0052658808417618275,0.9226750135421753
1,57,0.014323038049042225,0.005080142058432102,0.9242896437644958
1,58,0.014320400543510914,0.005100918002426624,0.9219483137130737
1,59,0.014138581231236458,0.004895439837127924,0.9243141412734985
1,60,0.014138146303594112,0.004913522861897945,0.9224624037742615
1,61,0.013955775648355484,0.004683130420744419,0.9272645115852356
1,62,0.014068560674786568,0.004802029114216566,0.9266532063484192
1,63,0.013378595933318138,0.004106171894818544,0.9272423386573792
1,64,0.01389244757592678,0.004647743888199329,0.9244704246520996
1,65,0.013347266241908073,0.00404260354116559,0.9304662942886353
1,66,0.013660013675689697,0.004406162071973085,0.9253851175308228
1,67,0.013128131628036499,0.003852718509733677,0.9275413751602173
1,68,0.014073451980948448,0.004820619244128466,0.9252832531929016
1,69,0.013384096324443817,0.004061466082930565,0.9322630167007446
1,70,0.01312471553683281,0.003839006181806326,0.9285710453987122
1,71,0.013263938948512077,0.003946403041481972,0.9317536354064941
1,72,0.01435916405171156,0.005118558183312416,0.9240606427192688
1,73,0.013281363993883133,0.0039917826652526855,0.9289581179618835
1,74,0.01316489651799202,0.0038549662567675114,0.9309930801391602
1,75,0.012861797586083412,0.0035557898227125406,0.9306008219718933
1,76,0.013085749000310898,0.003789631649851799,0.9296117424964905
1,77,0.013045741245150566,0.0037268358282744884,0.9318904876708984
1,78,0.01329261064529419,0.003987210802733898,0.9305399656295776
1,79,0.013266426511108875,0.003970412537455559,0.9296014308929443
1,80,0.013058764860033989,0.0037469123490154743,0.9311853051185608
1,81,0.012982185930013657,0.003661485854536295,0.9320700764656067
1,82,0.012326075695455074,0.0029708165675401688,0.9355259537696838
1,83,0.012813556008040905,0.003503211075440049,0.9310345649719238
1,84,0.01333940215408802,0.004033186938613653,0.9306215643882751
1,85,0.012793228961527348,0.003476539393886924,0.9316689968109131
1,86,0.012784713879227638,0.0034369775094091892,0.9347736835479736
1,87,0.01238090731203556,0.003033663611859083,0.9347243309020996
1,88,0.01238168589770794,0.0030358419753611088,0.934584379196167
1,89,0.012444792315363884,0.0031002461910247803,0.934454619884491
1,90,0.012950241565704346,0.003629676066339016,0.9320566058158875
1,91,0.012649674899876118,0.0033181810285896063,0.9331493973731995
1,92,0.012920370325446129,0.0036065864842385054,0.9313784241676331
1,93,0.012593783438205719,0.00322302826680243,0.9370755553245544
1,94,0.012696996331214905,0.003334098495543003,0.9362897872924805
1,95,0.012391656637191772,0.0030263755470514297,0.9365280866622925
1,96,0.012307903729379177,0.0029182482976466417,0.9389655590057373
1,97,0.012647615745663643,0.0033191568218171597,0.9328458309173584
1,98,0.012516161426901817,0.003150036558508873,0.9366124868392944
1,99,0.012270860373973846,0.002918032929301262,0.9352827668190002
1,100,0.012580940499901772,0.0032386574894189835,0.9342283010482788
1,101,0.012506205588579178,0.0031664997804909945,0.9339706301689148
1,102,0.012029904872179031,0.0026303138583898544,0.9399591088294983
1,103,0.012340201064944267,0.0029734596610069275,0.9366741180419922
1,104,0.012726681306958199,0.003379097208380699,0.9347584247589111
1,105,0.012505142949521542,0.0031569311395287514,0.9348211884498596
1,106,0.012257929891347885,0.0028755790553987026,0.9382351040840149
1,107,0.012563580647110939,0.003211274975910783,0.9352306127548218
1,108,0.012129503302276134,0.0027342590037733316,0.9395244717597961
1,109,0.012073032557964325,0.002673841780051589,0.939919114112854
1,110,0.011918514035642147,0.002508094534277916,0.9410420060157776
1,111,0.012241700664162636,0.0028932325076311827,0.934846818447113
1,112,0.01207525935024023,0.0026873114984482527,0.9387947916984558
1,113,0.012484205886721611,0.003129462245851755,0.9354744553565979
1,114,0.012186747044324875,0.002797885797917843,0.9388861060142517
1,115,0.012451067566871643,0.0030667565297335386,0.9384311437606812
1,116,0.011989906430244446,0.002603778149932623,0.9386128187179565
1,117,0.012371161952614784,0.003003492718562484,0.9367669224739075
1,118,0.012097375467419624,0.0027165550272911787,0.9380820393562317
1,119,0.012179786339402199,0.0027917467523366213,0.938804030418396
1,120,0.011738091707229614,0.002308319788426161,0.942977249622345
1,121,0.012119653634727001,0.0027234607841819525,0.9396193027496338
1,122,0.011843724176287651,0.00245456350967288,0.9389160871505737
1,123,0.011775611899793148,0.0023689651861786842,0.9406646490097046
1,124,0.012142261490225792,0.0027680264320224524,0.9374234676361084
1,125,0.011574012227356434,0.0021455076057463884,0.9428504705429077
1,126,0.011923675425350666,0.0024847453460097313,0.9438930749893188
1,127,0.012041756883263588,0.002643760060891509,0.9397996664047241
1,128,0.011937486007809639,0.002530609257519245,0.9406876564025879
1,129,0.011954229325056076,0.0025674989446997643,0.9386730194091797
1,130,0.011654948815703392,0.002229924313724041,0.942502498626709
1,131,0.011675918474793434,0.00225486746057868,0.9421050548553467
1,132,0.01200338825583458,0.002581364009529352,0.9422025084495544
1,133,0.011850195936858654,0.0024362709373235703,0.9413925409317017
1,134,0.012013422325253487,0.002595913130789995,0.9417508840560913
1,135,0.011625225655734539,0.002196132205426693,0.9429093599319458
1,136,0.011628772132098675,0.0022145381662994623,0.9414234757423401
1,137,0.011659038253128529,0.002225990639999509,0.9433047771453857
1,138,0.01175061333924532,0.002327587455511093,0.9423026442527771
1,139,0.011716969311237335,0.002292471472173929,0.9424498081207275
1,140,0.01153294462710619,0.0020931886974722147,0.9439756274223328
1,141,0.012921921908855438,0.0034637972712516785,0.9458125233650208
2,142,0.011630898341536522,0.002194642089307308,0.9436256885528564
2,143,0.01164480671286583,0.0022169959265738726,0.9427811503410339
2,144,0.011608915403485298,0.002183486707508564,0.9425429105758667
2,145,0.011513439938426018,0.0020444488618522882,0.9468991160392761
2,146,0.011294258758425713,0.0018445557216182351,0.9449703097343445
2,147,0.011818256229162216,0.002365672029554844,0.9452584385871887
2,148,0.0114664938300848,0.00202079676091671,0.9445697665214539
2,149,0.011484786868095398,0.002033220138400793,0.9451567530632019
2,150,0.011611927300691605,0.0021674996241927147,0.9444428086280823
2,151,0.011423329822719097,0.0019564079120755196,0.9466922283172607
2,152,0.01175756473094225,0.00231979344971478,0.9437772035598755
2,153,0.011533970944583416,0.0021008390467613935,0.9433131814002991
2,154,0.011653853580355644,0.002212855499237776,0.9440997838973999
2,155,0.011532941833138466,0.0020962366834282875,0.9436705708503723
2,156,0.01143339741975069,0.0019845247734338045,0.9448872804641724
2,157,0.011496854946017265,0.002067317720502615,0.9429537057876587
2,158,0.01137238834053278,0.0019166467245668173,0.945574164390564
2,159,0.011303283274173737,0.0018434179946780205,0.9459865689277649
2,160,0.01134951040148735,0.001915187924169004,0.9434322714805603
2,161,0.011240780353546143,0.0017741488991305232,0.9466631412506104
2,162,0.011509109288454056,0.0020764204673469067,0.943268895149231
2,163,0.011368375271558762,0.001903755241073668,0.9464620351791382
2,164,0.011225494556128979,0.0017631922382861376,0.9462302923202515
2,165,0.011354953981935978,0.0019010789692401886,0.9453875422477722
2,166,0.011573083698749542,0.0021279328502714634,0.9445151686668396
2,167,0.01121936459094286,0.0017413462046533823,0.9478018879890442
2,168,0.011314250528812408,0.0018369066528975964,0.9477344751358032
2,169,0.011250564828515053,0.0017893846379593015,0.9461180567741394
2,170,0.011245740577578545,0.0017520732944831252,0.9493667483329773
2,171,0.011219341307878494,0.0017542648129165173,0.9465076327323914
2,172,0.011349671520292759,0.0018883014563471079,0.946137011051178
2,173,0.011275798082351685,0.0018012411892414093,0.9474557042121887
2,174,0.01126696914434433,0.001799777615815401,0.9467191696166992
2,175,0.011276899836957455,0.001813917071558535,0.9462982416152954
2,176,0.011404936201870441,0.0019503943622112274,0.9454541802406311
2,177,0.011201271787285805,0.0017334404401481152,0.9467830657958984
2,178,0.011351438239216805,0.0018869576742872596,0.9464480876922607
2,179,0.011270366609096527,0.0017779353074729443,0.9492431282997131
2,180,0.011123360134661198,0.0016278752591460943,0.9495484828948975
2,181,0.011199930682778358,0.0017015010816976428,0.9498429894447327
2,182,0.011132526211440563,0.0016460629412904382,0.9486463069915771
2,183,0.011104203760623932,0.0016106687253341079,0.9493535757064819
2,184,0.011123142205178738,0.0016400953754782677,0.9483047127723694
2,185,0.010993756353855133,0.0014926186995580792,0.950113832950592
2,186,0.01112748496234417,0.0016304070595651865,0.9497078061103821
2,187,0.011428019031882286,0.0019423214253038168,0.9485697150230408
2,188,0.011007169261574745,0.0015471798833459616,0.9459989666938782
2,189,0.011339516378939152,0.001881229574792087,0.9458286762237549
2,190,0.010998381301760674,0.0015056026168167591,0.9492778778076172
2,191,0.011043052189052105,0.0015555170830339193,0.9487535357475281
2,192,0.010992836207151413,0.001504932763054967,0.9487903714179993
2,193,0.011031891219317913,0.0015456436667591333,0.9486247897148132
2,194,0.011018731631338596,0.001540850498713553,0.9477880597114563
2,195,0.01104098092764616,0.001537898788228631,0.9503082633018494
2,196,0.011276575736701488,0.0018313337350264192,0.9445242285728455
2,197,0.011001328006386757,0.001486790832132101,0.9514537453651428
2,198,0.011138351634144783,0.0016630252357572317,0.9475326538085938
2,199,0.011086848564445972,0.0016103720990940928,0.9476476907730103
2,200,0.011114908382296562,0.0016277069225907326,0.9487201571464539
2,201,0.011096732690930367,0.0015947235515341163,0.9502009749412537
2,202,0.011190680786967278,0.0017194868996739388,0.947119414806366
2,203,0.011019723489880562,0.00152932433411479,0.9490399360656738
2,204,0.010962886735796928,0.0014690456446260214,0.9493840932846069
2,205,0.011107332073152065,0.0016162442043423653,0.9491088390350342
2,206,0.011158991605043411,0.0016764744650572538,0.9482517242431641
2,207,0.011039549484848976,0.0015330337919294834,0.9506515860557556
2,208,0.011102216318249702,0.0016034026630222797,0.9498814344406128
2,209,0.010785476304590702,0.0012799578253179789,0.9505519270896912
2,210,0.010860973037779331,0.001353423111140728,0.9507550001144409
2,211,0.01117547694593668,0.001664011157117784,0.95114666223526
2,212,0.010759840719401836,0.0012371194316074252,0.9522721171379089
2,213,0.010988311842083931,0.001504504936747253,0.948380708694458
2,214,0.011211485601961613,0.0017333000432699919,0.9478185176849365
2,215,0.010881324298679829,0.0013842136831954122,0.9497110843658447
2,216,0.01104794442653656,0.0015612581046298146,0.9486686587333679
2,217,0.010912729427218437,0.0014061389956623316,0.9506590962409973
2,218,0.010834172368049622,0.0013033044524490833,0.9530868530273438
2,219,0.010755391791462898,0.0012452523224055767,0.9510139226913452
2,220,0.010731877759099007,0.0012107407674193382,0.952113687992096
2,221,0.010780968703329563,0.0012552357511594892,0.952573299407959
2,222,0.010844741947948933,0.0013254440855234861,0.9519298076629639
2,223,0.010828303173184395,0.0013265020679682493,0.9501801133155823
2,224,0.010703240521252155,0.0011782459914684296,0.952499508857727
2,225,0.010903028771281242,0.0013800584711134434,0.952297031879425
2,226,0.010737880133092403,0.0012225138489156961,0.9515367150306702
2,227,0.01087495032697916,0.0013525482499971986,0.9522402286529541
2,228,0.01080419309437275,0.0012677633203566074,0.9536429643630981
2,229,0.010737236589193344,0.0011998806148767471,0.9537356495857239
2,230,0.010787291452288628,0.0012527115177363157,0.9534579515457153
2,231,0.010896262712776661,0.0013846199726685882,0.9511643648147583
2,232,0.010798797011375427,0.0012712645111605525,0.9527533054351807
2,233,0.0107323182746768,0.0011875611962750554,0.9544757008552551
2,234,0.010909569449722767,0.0014098749961704016,0.949969470500946
2,235,0.010717020370066166,0.0011846061097458005,0.9532414674758911
2,236,0.010810265317559242,0.0012757148360833526,0.9534551501274109
2,237,0.010774996131658554,0.0012506266357377172,0.9524369835853577
2,238,0.010792551562190056,0.001254140050150454,0.9538411498069763
2,239,0.01084144040942192,0.0013396104332059622,0.9501829743385315
2,240,0.010723691433668137,0.0011816375190392137,0.954205334186554
2,241,0.010811070911586285,0.0012726349523290992,0.9538436532020569
2,242,0.010824129916727543,0.001283471123315394,0.9540658593177795
2,243,0.01069671381264925,0.0011777642648667097,0.951894998550415
2,244,0.01082103606313467,0.0013089561834931374,0.9512079954147339
2,245,0.010709603317081928,0.001190919429063797,0.9518684148788452
2,246,0.010641708970069885,0.0010992120951414108,0.9542496800422668
2,247,0.010782016441226006,0.001243834849447012,0.9538182616233826
2,248,0.010754311457276344,0.0012203720398247242,0.9533939957618713
2,249,0.01072603091597557,0.0012084852205589414,0.9517545700073242
2,250,0.010728877037763596,0.0011960642877966166,0.9532813429832458
2,251,0.010703787207603455,0.001158241182565689,0.9545546174049377
2,252,0.010650170966982841,0.0010998406214639544,0.955033004283905
2,253,0.010666993446648121,0.0011407723650336266,0.95262211561203
2,254,0.010796704329550266,0.0012602439383044839,0.9536460638046265
2,255,0.01074611023068428,0.0012145508080720901,0.9531559944152832
2,256,0.01055901125073433,0.0010209293104708195,0.9538081288337708
2,257,0.010585558600723743,0.001051669241860509,0.9533889889717102
2,258,0.01073435414582491,0.001201432547532022,0.9532922506332397
2,259,0.010613258928060532,0.0010677038226276636,0.9545555710792542
2,260,0.010557640343904495,0.0010055830935016274,0.9552057385444641
2,261,0.01089116558432579,0.001364938449114561,0.9526227116584778
2,262,0.010635480284690857,0.0011007149005308747,0.9534764885902405
2,263,0.010721400380134583,0.0011951923370361328,0.9526208639144897
2,264,0.010686111636459827,0.0011583819286897779,0.9527730345726013
2,265,0.01064612902700901,0.001107797957956791,0.9538331031799316
2,266,0.010641608387231827,0.0011039278469979763,0.9537680745124817
2,267,0.01065013650804758,0.0011290868278592825,0.9521049857139587
2,268,0.010563627816736698,0.0009996957378461957,0.9563932418823242
2,269,0.010627795942127705,0.001088217832148075,0.9539578557014465
2,270,0.010708420537412167,0.0011752548161894083,0.9533166289329529
2,271,0.010646456852555275,0.0011260223109275103,0.9520434737205505
2,272,0.010581116192042828,0.0010440730256959796,0.953704297542572
2,273,0.010854813270270824,0.0013147557619959116,0.9540058374404907
2,274,0.010634015314280987,0.0010919551132246852,0.9542059898376465
2,275,0.010547746904194355,0.0009829511400312185,0.9564796090126038
2,276,0.010493195615708828,0.0009569961694069207,0.9536199569702148
2,277,0.010668087750673294,0.001111077144742012,0.9557011127471924
2,278,0.0106674088165164,0.0011340270284563303,0.9533382058143616
2,279,0.010521208867430687,0.0009763232665136456,0.9544885754585266
2,280,0.010569560341536999,0.0010225584264844656,0.9547001719474792
2,281,0.010631288401782513,0.0010858724126592278,0.9545415639877319
2,282,0.010422909632325172,0.0007247112225741148,0.9698198437690735
3,283,0.010670514777302742,0.0011219610460102558,0.9548553228378296
3,284,0.010518123395740986,0.0009354056091979146,0.9582718014717102
3,285,0.010618092492222786,0.0010832033585757017,0.9534888863563538
3,286,0.01069734152406454,0.0011593342060223222,0.9538007378578186
3,287,0.010632826015353203,0.0011026645079255104,0.9530161619186401
3,288,0.010644327849149704,0.0010933040175586939,0.9551023840904236
3,289,0.010502928867936134,0.0009621330536901951,0.9540796875953674
3,290,0.010577553883194923,0.0010311971418559551,0.954635739326477
3,291,0.010523168370127678,0.0009700045338831842,0.955316424369812
3,292,0.01051795482635498,0.0009577176533639431,0.9560236930847168
3,293,0.010633955709636211,0.0010902138892561197,0.9543741941452026
3,294,0.010485240258276463,0.0009128238307312131,0.9572417140007019
3,295,0.010468575172126293,0.0009097303845919669,0.9558844566345215
3,296,0.010614277794957161,0.001077713561244309,0.9536564946174622
3,297,0.010350401513278484,0.000767411373089999,0.9582989811897278
3,298,0.010563090443611145,0.0010202474659308791,0.9542843699455261
3,299,0.010442516766488552,0.0008893160847947001,0.9553200602531433
3,300,0.010582046583294868,0.0010270362254232168,0.9555010199546814
3,301,0.010546645149588585,0.0009944747434929013,0.9552170634269714
3,302,0.010439508594572544,0.0008750647539272904,0.9564443826675415
3,303,0.010473092086613178,0.0008889161399565637,0.9584176540374756
3,304,0.010399023070931435,0.0008405493572354317,0.9558473825454712
3,305,0.010615660808980465,0.001081407768651843,0.9534252882003784
3,306,0.010378588922321796,0.0008018093067221344,0.9576780200004578
3,307,0.010504508391022682,0.0009602842619642615,0.9544224739074707
3,308,0.010583424009382725,0.001043069176375866,0.9540355205535889
3,309,0.010543717071413994,0.0010002999333664775,0.9543417096138
3,310,0.010487459599971771,0.0009104114724323153,0.9577048420906067
3,311,0.01039500068873167,0.0008260056492872536,0.9568995237350464
3,312,0.01039426401257515,0.0008329444099217653,0.9561319947242737
3,313,0.010533079504966736,0.000992500688880682,0.9540579915046692
3,314,0.010403268970549107,0.0008401256054639816,0.9563143849372864
3,315,0.010665100067853928,0.0011203181929886341,0.9544781446456909
3,316,0.010433605872094631,0.0008654525154270232,0.9568153619766235
3,317,0.010494932532310486,0.0009303889237344265,0.9564543962478638
3,318,0.010302581824362278,0.0007103451644070446,0.9592236876487732
3,319,0.010454430244863033,0.000908047310076654,0.9546383619308472
3,320,0.010477131232619286,0.000918495818041265,0.9558635950088501
3,321,0.010457845404744148,0.0009049134096130729,0.9552932977676392
3,322,0.010514717549085617,0.0009321250254288316,0.9582592844963074
3,323,0.01041410956531763,0.000858343904837966,0.9555765390396118
3,324,0.010365349240601063,0.0007909240084700286,0.9574425220489502
3,325,0.010570150800049305,0.0010176367359235883,0.9552513957023621
3,326,0.010515958070755005,0.0009531662799417973,0.9562792778015137
3,327,0.010530089028179646,0.0009557968587614596,0.9574292302131653
3,328,0.010438518598675728,0.0008792479056864977,0.9559271335601807
3,329,0.01037231832742691,0.0007897995528765023,0.9582518935203552
3,330,0.01032570656388998,0.0007386950892396271,0.9587011933326721
3,331,0.010489293374121189,0.0009358577663078904,0.9553435444831848
3,332,0.010428009554743767,0.0008485849830321968,0.9579424858093262
3,333,0.010446915403008461,0.00087854074081406,0.9568374752998352
3,334,0.010386765003204346,0.0008197046699933708,0.9567061066627502
3,335,0.010419271886348724,0.0008408739231526852,0.9578397870063782
3,336,0.010399382561445236,0.0008247227524407208,0.9574660062789917
3,337,0.01041493471711874,0.0008443474071100354,0.9570587873458862
3,338,0.010520419105887413,0.0009551761904731393,0.9565242528915405
3,339,0.010473868809640408,0.0008933104109019041,0.958055853843689
3,340,0.010453421622514725,0.0008980956044979393,0.9555326104164124
3,341,0.010311764664947987,0.0007415200816467404,0.9570244550704956
3,342,0.010351302102208138,0.0007731831283308566,0.9578119516372681
3,343,0.010435755364596844,0.0008634519181214273,0.9572303891181946
3,344,0.010474653914570808,0.0009203008958138525,0.9554352760314941
3,345,0.01038474403321743,0.0008223456097766757,0.9562398195266724
3,346,0.010382208041846752,0.0008120909333229065,0.9570116996765137
3,347,0.010384189896285534,0.0008193160174414515,0.9564873576164246
3,348,0.010332513600587845,0.0007506964029744267,0.9581817984580994
3,349,0.010383090004324913,0.0008148715132847428,0.9568217992782593
3,350,0.010392975062131882,0.0008390754228457808,0.9553899765014648
3,351,0.01040851790457964,0.0008364535751752555,0.9572064280509949
3,352,0.010328750126063824,0.0007495936006307602,0.9579156637191772
3,353,0.010337078012526035,0.0007829014211893082,0.9554176926612854
3,354,0.010349065065383911,0.0007686682511121035,0.9580397009849548
3,355,0.010322121903300285,0.000737894035410136,0.9584227800369263
3,356,0.010284637100994587,0.0006978709134273231,0.9586766958236694
3,357,0.010268040001392365,0.0006978331948630512,0.9570206999778748
3,358,0.010415695607662201,0.0008432011818513274,0.9572494626045227
3,359,0.010413691401481628,0.0008519908296875656,0.9561700820922852
3,360,0.010383840650320053,0.0007981617818586528,0.9585678577423096
3,361,0.010402420535683632,0.0008303337963297963,0.9572087526321411
3,362,0.010270685888826847,0.0006981176557019353,0.9572568535804749
3,363,0.010293601080775261,0.000722212833352387,0.9571388959884644
3,364,0.010305826552212238,0.0007207699818536639,0.9585056304931641
3,365,0.01038823276758194,0.0008091011550277472,0.9579131603240967
3,366,0.010323627851903439,0.0007420350448228419,0.9581592679023743
3,367,0.010216525755822659,0.0006388109177350998,0.9577714800834656
3,368,0.010234168730676174,0.0006450861692428589,0.9589082598686218
3,369,0.010326632298529148,0.0007440901827067137,0.9582542181015015
3,370,0.010296497493982315,0.0007205980946309865,0.9575899839401245
3,371,0.010329624637961388,0.0007748031057417393,0.9554822444915771
3,372,0.010311038233339787,0.000730013707652688,0.9581024646759033
3,373,0.010470443405210972,0.0009167680400423706,0.9553675651550293
3,374,0.010275122709572315,0.0006768613238818944,0.9598262310028076
3,375,0.010411912575364113,0.0008464548736810684,0.9565458297729492
3,376,0.010292011313140392,0.0007068029372021556,0.9585208296775818
3,377,0.010391703806817532,0.0007935046451166272,0.9598199725151062
3,378,0.010193686001002789,0.0006022248999215662,0.9591461420059204
3,379,0.010345444083213806,0.0007843965431675315,0.9561048150062561
3,380,0.010293493047356606,0.0007112942403182387,0.9582199454307556
3,381,0.01043179165571928,0.0008651962270960212,0.9566596150398254
3,382,0.010296179912984371,0.000708696199581027,0.9587483406066895
3,383,0.010407587513327599,0.0008525644661858678,0.9555023312568665
3,384,0.010327148251235485,0.0007517197518609464,0.9575428366661072
3,385,0.010311098769307137,0.0007118603680282831,0.9599238634109497
3,386,0.010233284905552864,0.000668103399220854,0.9565181732177734
3,387,0.010260701179504395,0.0007012661662884057,0.9559434652328491
3,388,0.010279572568833828,0.0007045094389468431,0.9575063586235046
3,389,0.01028722245246172,0.0007152550388127565,0.957196831703186
3,390,0.010207504965364933,0.000632026931270957,0.9575477838516235
3,391,0.010189032182097435,0.0005965604796074331,0.9592472314834595
3,392,0.010326540097594261,0.0007579317898489535,0.9568608403205872
3,393,0.01031374093145132,0.0007375797722488642,0.9576161503791809
3,394,0.010406946763396263,0.0008421887177973986,0.9564758539199829
3,395,0.01034295093268156,0.000759196758735925,0.9583755135536194
3,396,0.010200177319347858,0.0006204146193340421,0.9579763412475586
3,397,0.010280302725732327,0.0006955302087590098,0.958477258682251
3,398,0.01019791979342699,0.0006245563272386789,0.95733642578125
3,399,0.010239902883768082,0.0006584827788174152,0.9581420421600342
3,400,0.01038238313049078,0.0008157750125974417,0.956660807132721
3,401,0.010227675549685955,0.000656261807307601,0.9571413397789001
3,402,0.010416168719530106,0.0008459959062747657,0.9570173621177673
3,403,0.010129964910447598,0.0005477293743751943,0.9582235813140869
3,404,0.010196728631854057,0.0006129868561401963,0.9583742022514343
3,405,0.010206461884081364,0.0006250144797377288,0.9581447839736938
3,406,0.010308979079127312,0.0007129553705453873,0.9596023559570312
3,407,0.010237853974103928,0.0006753750494681299,0.9562479257583618
3,408,0.010209822095930576,0.000626549415756017,0.9583273530006409
3,409,0.010262412019073963,0.0006830452475696802,0.9579367637634277
3,410,0.010250087827444077,0.000668614637106657,0.9581473469734192
3,411,0.010236205533146858,0.0006596959428861737,0.9576509594917297
3,412,0.01025659590959549,0.0006858377601020038,0.957075834274292
3,413,0.010261734016239643,0.0006922652246430516,0.9569469094276428
3,414,0.010247016325592995,0.0006694650510326028,0.9577550888061523
3,415,0.010183371603488922,0.0005974614759907126,0.958591103553772
3,416,0.010211750864982605,0.0006444033933803439,0.9567347764968872
3,417,0.010246481746435165,0.0006718397489748895,0.9574642777442932
3,418,0.010225614532828331,0.000636620563454926,0.9588994383811951
3,419,0.010211003944277763,0.0006430309149436653,0.9567973613739014
3,420,0.010245513170957565,0.0006398768164217472,0.960563600063324
3,421,0.010265415534377098,0.0006962764309719205,0.956913948059082
3,422,0.010199197567999363,0.0006164641818031669,0.9582734107971191
3,423,0.010410935617983341,0.0007425489602610469,0.9668386578559875
4,424,0.010146417655050755,0.0005601353477686644,0.958628237247467
4,425,0.010259373113512993,0.0006806525052525103,0.9578720927238464
4,426,0.010272350162267685,0.0006854014936834574,0.9586948752403259
4,427,0.010360621847212315,0.000797715038061142,0.9562906622886658
4,428,0.010239537805318832,0.0006615846650674939,0.9577953815460205
4,429,0.01026521623134613,0.0006826419848948717,0.9582574963569641
4,430,0.010210176929831505,0.0006419016281142831,0.9568275213241577
4,431,0.010255192406475544,0.0006848208722658455,0.9570371508598328
4,432,0.010235534980893135,0.0006504509365186095,0.9585084319114685
4,433,0.010278026573359966,0.0006923929322510958,0.9585633873939514
4,434,0.010178763419389725,0.0006089505041018128,0.9569813013076782
4,435,0.010269125923514366,0.0006925537018105388,0.9576572775840759
4,436,0.010140098631381989,0.000553470104932785,0.9586628675460815
4,437,0.010162408463656902,0.0005961896385997534,0.9566218852996826
4,438,0.010182646103203297,0.0005826381384395063,0.9600008130073547
4,439,0.010222979821264744,0.0006468382198363543,0.9576142430305481
4,440,0.010200250893831253,0.0006083562038838863,0.9591895341873169
4,441,0.010134655050933361,0.0005673449486494064,0.9567310214042664
4,442,0.010207363404333591,0.0006482353783212602,0.9559128284454346
4,443,0.010320017114281654,0.0007509192219004035,0.9569098353385925
4,444,0.010234029032289982,0.0006604380323551595,0.9573590755462646
4,445,0.010238636285066605,0.0006679175421595573,0.9570719003677368
4,446,0.010213210247457027,0.0006160836201161146,0.9597126841545105
4,447,0.01020824909210205,0.0006167241372168064,0.9591524600982666
4,448,0.010227547027170658,0.0006314667407423258,0.9596080780029297
4,449,0.010131855495274067,0.00057188980281353,0.9559966325759888
4,450,0.010133190080523491,0.0005387669079937041,0.9594423174858093
4,451,0.010216092690825462,0.0006300146924331784,0.9586077928543091
4,452,0.010191583074629307,0.0006251715822145343,0.9566411972045898
4,453,0.010231583379209042,0.0006551254773512483,0.9576457738876343
4,454,0.010191931389272213,0.0006055447738617659,0.9586386680603027
4,455,0.01018446683883667,0.000625336542725563,0.9559130668640137
4,456,0.01014493778347969,0.0005739398184232414,0.9570997953414917
4,457,0.010121038183569908,0.0005443253321573138,0.9576712846755981
4,458,0.010174352675676346,0.0005991648649796844,0.9575188159942627
4,459,0.010213428176939487,0.0006216269684955478,0.9591801762580872
4,460,0.010149305686354637,0.0005216802237555385,0.9627625942230225
4,461,0.010120224207639694,0.0005286716623231769,0.959155261516571
4,462,0.010195190086960793,0.0006149525288492441,0.9580238461494446
4,463,0.010142614133656025,0.0005628709914162755,0.957974374294281
4,464,0.010181373916566372,0.0006029271753504872,0.9578447341918945
4,465,0.010126573033630848,0.0005390766891650856,0.9587497115135193
4,466,0.010153857059776783,0.0005601069424301386,0.9593750238418579
4,467,0.010130934417247772,0.0005424520350061357,0.9588482975959778
4,468,0.010111064650118351,0.0005250525427982211,0.9586012363433838
4,469,0.010146725922822952,0.000543785747140646,0.9602939486503601
4,470,0.010211072862148285,0.0006312415935099125,0.957983136177063
4,471,0.01023682951927185,0.0006458807038143277,0.9590948820114136
4,472,0.010137057863175869,0.0005587449995800853,0.9578312635421753
4,473,0.010180048644542694,0.0005936911911703646,0.9586358070373535
4,474,0.010119892656803131,0.0005354642635211349,0.9584428668022156
4,475,0.010135134682059288,0.0005635876441374421,0.9571546912193298
4,476,0.010040285997092724,0.00047323660692200065,0.9567049741744995
4,477,0.01014943327754736,0.0005846314015798271,0.9564802050590515
4,478,0.01012876071035862,0.0005479301325976849,0.9580830931663513
4,479,0.010158650577068329,0.0005663205520249903,0.9592329859733582
4,480,0.010073661804199219,0.00048453902127221227,0.9589123129844666
4,481,0.010140465572476387,0.0005625016056001186,0.9577963352203369
4,482,0.010160258039832115,0.0005814486648887396,0.9578809142112732
4,483,0.010125067085027695,0.0005404584808275104,0.9584608674049377
4,484,0.010162374004721642,0.0005612232489511371,0.9601150751113892
4,485,0.010063664056360722,0.00048491114284843206,0.9578753709793091
4,486,0.010088242590427399,0.0005222318577580154,0.956601083278656
4,487,0.01014253031462431,0.0005583725287579,0.9584158062934875
4,488,0.01019060518592596,0.0006085470668040216,0.9582058787345886
4,489,0.010124783962965012,0.0005346734542399645,0.9590111374855042
4,490,0.010062504559755325,0.0004678256518673152,0.959467887878418
4,491,0.010127211920917034,0.0005714184953831136,0.9555793404579163
4,492,0.010122783482074738,0.0005392372258938849,0.958354651927948
4,493,0.010171382687985897,0.0005758233601227403,0.9595559239387512
4,494,0.010206814855337143,0.0006439249264076352,0.9562889933586121
4,495,0.010055108927190304,0.0004715507966466248,0.9583558440208435
4,496,0.01017275732010603,0.0005915829678997397,0.9581174850463867
4,497,0.010126618668437004,0.0005340588977560401,0.9592560529708862
4,498,0.010097651742398739,0.0005350912688300014,0.9562560319900513
4,499,0.010178412310779095,0.0005909122992306948,0.9587500095367432
4,500,0.010125216096639633,0.0005325412494130433,0.9592674970626831
4,501,0.010146326385438442,0.0005527997855097055,0.9593527317047119
4,502,0.010104229673743248,0.0005209986702539027,0.9583231210708618
4,503,0.01019971165806055,0.0005936587695032358,0.9606053233146667
4,504,0.010188967920839787,0.0006170561537146568,0.9571911692619324
4,505,0.010094834491610527,0.0005121021531522274,0.9582732319831848
4,506,0.010044192895293236,0.00046848790952935815,0.957570493221283
4,507,0.010093241930007935,0.0004842483904212713,0.9608993530273438
4,508,0.010138275101780891,0.0005627398495562375,0.9575535655021667
4,509,0.010136250406503677,0.0005553614464588463,0.9580889344215393
4,510,0.01012531016021967,0.000543202506378293,0.9582107663154602
4,511,0.01008673943579197,0.0005106643657200038,0.9576075077056885
4,512,0.010072644799947739,0.0004600495158229023,0.9612596035003662
4,513,0.01006370596587658,0.0004869387485086918,0.9576767683029175
4,514,0.010108641348779202,0.0005319015472196043,0.9576740264892578
4,515,0.010052206926047802,0.0004690997302532196,0.9583107829093933
4,516,0.010084239766001701,0.0005087257595732808,0.9575514793395996
4,517,0.0100301718339324,0.0004452772263903171,0.9584894180297852
4,518,0.010133221745491028,0.0005321039352566004,0.9601118564605713
4,519,0.010130491107702255,0.0005463622510433197,0.9584128856658936
4,520,0.010062135756015778,0.0004920054925605655,0.9570130109786987
4,521,0.010025756433606148,0.00045032548950985074,0.957543134689331
4,522,0.010107365436851978,0.0005136240506544709,0.9593741297721863
4,523,0.010067063383758068,0.0004582070978358388,0.9608857035636902
4,524,0.010109400376677513,0.0005236270371824503,0.9585773944854736
4,525,0.009990088641643524,0.00041227927431464195,0.9577810168266296
4,526,0.0101346205919981,0.0005451163742691278,0.9589504599571228
4,527,0.010014867410063744,0.00042800282244570553,0.9586864113807678
4,528,0.010017478838562965,0.0004485506797209382,0.9568927884101868
4,529,0.010047034360468388,0.00046782585559412837,0.9579208493232727
4,530,0.010030816309154034,0.0004492733860388398,0.9581542611122131
4,531,0.010038194246590137,0.0004498778434935957,0.9588316082954407
4,532,0.010122970677912235,0.0005453767371363938,0.9577593803405762
4,533,0.010057460516691208,0.0004937374033033848,0.9563723802566528
4,534,0.010056020691990852,0.00047920012730173767,0.9576821327209473
4,535,0.01004503108561039,0.00045880518155172467,0.9586226344108582
4,536,0.010099890641868114,0.0005242719780653715,0.9575618505477905
4,537,0.009969609789550304,0.00041862562648020685,0.9550983905792236
4,538,0.010031100362539291,0.00047738253488205373,0.9553717374801636
4,539,0.01004895381629467,0.00046374357771128416,0.9585210084915161
4,540,0.010040541179478168,0.0004664637672249228,0.9574077129364014
4,541,0.010067012161016464,0.0004927078261971474,0.9574304819107056
4,542,0.010145170614123344,0.0005516059463843703,0.9593564867973328
4,543,0.010078774765133858,0.0005026647122576833,0.957611083984375
4,544,0.010093051008880138,0.0004959374782629311,0.9597113728523254
4,545,0.010079354047775269,0.0004623710992746055,0.9616982936859131
4,546,0.010048315860331059,0.00045470832264982164,0.9593607783317566
4,547,0.010077724233269691,0.0005347264232113957,0.954299807548523
4,548,0.010055740363895893,0.0004504151875153184,0.960532546043396
4,549,0.009997914545238018,0.00042966692126356065,0.956824779510498
4,550,0.010093564167618752,0.0005087465397082269,0.9584818482398987
4,551,0.010014074854552746,0.00044738297583535314,0.9566692113876343
4,552,0.010039749555289745,0.00043680588714778423,0.9602943658828735
4,553,0.010040758177638054,0.00047279338468797505,0.9567964673042297
4,554,0.010044564493000507,0.00045511400094255805,0.958945095539093
4,555,0.010005776770412922,0.0004136449424549937,0.9592131972312927
4,556,0.010093733668327332,0.0005013518966734409,0.9592381715774536
4,557,0.010027918964624405,0.0004592164186760783,0.9568702578544617
4,558,0.010177036747336388,0.0006181462667882442,0.955889105796814
4,559,0.010103640146553516,0.0005147674237377942,0.9588872790336609
4,560,0.010047129355370998,0.0004830416582990438,0.9564087986946106
4,561,0.009965400211513042,0.00039917498361319304,0.9566225409507751
4,562,0.010096276178956032,0.0005364789394661784,0.9559797644615173
4,563,0.010096869431436062,0.0005026638973504305,0.9594205617904663
4,564,0.009898639284074306,0.0003480511950328946,0.9550588726997375
5,565,0.010032988153398037,0.00043949991231784225,0.9593489170074463
5,566,0.00999579206109047,0.000418464420363307,0.9577327966690063
5,567,0.010119844228029251,0.0005464592250064015,0.9573385715484619
5,568,0.010097088292241096,0.0005220487364567816,0.9575039148330688
5,569,0.009993414394557476,0.00041288608917966485,0.9580528140068054
5,570,0.009998335503041744,0.00041700457222759724,0.9581331014633179
5,571,0.010057707317173481,0.00048062647692859173,0.9577080607414246
5,572,0.01007683016359806,0.00048042237176559865,0.9596408009529114
5,573,0.010052261874079704,0.0004848723183386028,0.9567389488220215
5,574,0.010110798291862011,0.0005383604438975453,0.957243800163269
5,575,0.009962499141693115,0.000403938494855538,0.9558560848236084
5,576,0.010026277042925358,0.0004853339050896466,0.9540943503379822
5,577,0.00999240018427372,0.0004070726572535932,0.9585328102111816
5,578,0.010037337429821491,0.00042969919741153717,0.9607638120651245
5,579,0.009990016929805279,0.00041892568697221577,0.9571091532707214
5,580,0.009982340037822723,0.00041066986159421504,0.9571670889854431
5,581,0.0099702263250947,0.0003944166237488389,0.9575809240341187
5,582,0.01005440205335617,0.0004570891323965043,0.9597312808036804
5,583,0.01002257876098156,0.0004542682727333158,0.9568310379981995
5,584,0.009977629408240318,0.0003981346671935171,0.9579495191574097
5,585,0.010033554397523403,0.00045599363511428237,0.9577561020851135
5,586,0.010059165768325329,0.0004936283221468329,0.9565537571907043
5,587,0.010054392740130424,0.0004928516573272645,0.9561541676521301
5,588,0.01003241166472435,0.00046569181722588837,0.956671953201294
5,589,0.009993515908718109,0.00043849105713889003,0.9555025100708008
5,590,0.010023359209299088,0.0004572882899083197,0.9566071033477783
5,591,0.009973928332328796,0.00043112807907164097,0.9542800784111023
5,592,0.009960629045963287,0.0004084414686076343,0.9552187323570251
5,593,0.00991853978484869,0.00040079402970150113,0.9517746567726135
5,594,0.010014417581260204,0.00043592642759904265,0.9578491449356079
5,595,0.010032023303210735,0.00045795904588885605,0.9574064612388611
5,596,0.010056841187179089,0.0005052738124504685,0.9551567435264587
5,597,0.010032148100435734,0.0004791654064320028,0.9552983045578003
5,598,0.010049844160676003,0.000474352651508525,0.9575492143630981
5,599,0.009992231614887714,0.00042813713662326336,0.9564094543457031
5,600,0.010022075846791267,0.0004334975965321064,0.9588577747344971
5,601,0.009928767569363117,0.0003548641107045114,0.9573904275894165
5,602,0.009922425262629986,0.00036076753167435527,0.9561658501625061
5,603,0.00997539609670639,0.0003950351965613663,0.9580360651016235
5,604,0.009978391230106354,0.00039081263821572065,0.9587578773498535
5,605,0.00997810810804367,0.0004309068899601698,0.9547200798988342
5,606,0.009939567185938358,0.000378532538888976,0.956103503704071
5,607,0.010028197430074215,0.00046379872946999967,0.9564399123191833
5,608,0.009988189674913883,0.00041419145418331027,0.9573997855186462
5,609,0.00996456015855074,0.00040746378363110125,0.9557096362113953
5,610,0.010007238946855068,0.0004146059218328446,0.959263265132904
5,611,0.009990723803639412,0.00041404159856028855,0.9576681852340698
5,612,0.010028657503426075,0.0004424491780810058,0.9586209058761597
5,613,0.009931865148246288,0.00041083930409513414,0.9521026015281677
5,614,0.009976446628570557,0.00040534063009545207,0.9571106433868408
5,615,0.009921925142407417,0.0003942637122236192,0.9527661800384521
5,616,0.010053317062556744,0.0004582172550726682,0.9595100283622742
5,617,0.010068665258586407,0.0005080627743154764,0.9560602903366089
5,618,0.009998132474720478,0.00041693527600727975,0.9581196904182434
5,619,0.010014167055487633,0.0004656222590710968,0.9548544883728027
5,620,0.010029012337327003,0.000452988751931116,0.9576023817062378
5,621,0.009945726953446865,0.0003816340758930892,0.9564093351364136
5,622,0.009989691898226738,0.00040621854714117944,0.9583473801612854
5,623,0.009915892034769058,0.0003760135732591152,0.9539878368377686
5,624,0.009984076954424381,0.00041013467125594616,0.9573941826820374
5,625,0.010012568905949593,0.00046099876635707915,0.9551570415496826
5,626,0.009948734194040298,0.00041543570114299655,0.953329861164093
5,627,0.009979195892810822,0.00040236010681837797,0.9576835632324219
5,628,0.010025203227996826,0.0004424797953106463,0.9582723379135132
5,629,0.009915374219417572,0.0003635973553173244,0.9551777243614197
5,630,0.009915381669998169,0.00036553991958498955,0.9549842476844788
5,631,0.009999191388487816,0.0004476877220440656,0.9551503658294678
5,632,0.009964208118617535,0.0003986532974522561,0.9565554857254028
5,633,0.009943321347236633,0.0004143201804254204,0.9529001712799072
5,634,0.010002050548791885,0.0004243705188855529,0.9577680230140686
5,635,0.009971944615244865,0.0004348082875367254,0.9537136554718018
5,636,0.010012294165790081,0.00043988192919641733,0.9572412371635437
5,637,0.009991200640797615,0.0004223108699079603,0.9568889737129211
5,638,0.009936400689184666,0.00038300867890939116,0.955339252948761
5,639,0.009895626455545425,0.00035390889388509095,0.9541717171669006
5,640,0.00986550748348236,0.0003142680216114968,0.9551239013671875
5,641,0.009976993314921856,0.00042249521357007325,0.9554498195648193
5,642,0.009957775473594666,0.00040533835999667645,0.955243706703186
5,643,0.009928672574460506,0.0003774684446398169,0.9551203846931458
5,644,0.010013524442911148,0.00044906375114805996,0.9564460515975952
5,645,0.00992443785071373,0.0003795692464336753,0.9544869065284729
5,646,0.009972465224564075,0.0004282355075702071,0.9544230103492737
5,647,0.009942419826984406,0.00042262207716703415,0.9519798159599304
5,648,0.009951655752956867,0.00040852592792361975,0.9543130397796631
5,649,0.009933829307556152,0.00038907170528545976,0.9544757604598999
5,650,0.009935232810676098,0.00040472549153491855,0.9530507326126099
5,651,0.00994599238038063,0.0003940862079616636,0.9551905989646912
5,652,0.009968593716621399,0.0004368298396002501,0.9531764388084412
5,653,0.009961966425180435,0.0004100292862858623,0.9551936984062195
5,654,0.009951666928827763,0.0003788886242546141,0.9572778344154358
5,655,0.009933501482009888,0.0003909395891241729,0.9542562365531921
5,656,0.009938381612300873,0.00038575762300752103,0.9552624225616455
5,657,0.009925460442900658,0.00037666066782549024,0.9548800587654114
5,658,0.009896021336317062,0.0003695465566124767,0.9526475071907043
5,659,0.009919041767716408,0.00038519344525411725,0.9533848762512207
5,660,0.009952490217983723,0.00041550869354978204,0.9536982178688049
5,661,0.010007677599787712,0.00044659519335255027,0.9561082124710083
5,662,0.009909793734550476,0.0003748377785086632,0.9534956216812134
5,663,0.009928517043590546,0.00038264261092990637,0.954587459564209
5,664,0.01001217681914568,0.00044791161781176925,0.9564266204833984
5,665,0.010006990283727646,0.0004713537637144327,0.9535636901855469
5,666,0.009892061352729797,0.00033667273237369955,0.9555388689041138
5,667,0.010012464597821236,0.00040508457459509373,0.9607380032539368
5,668,0.009975196793675423,0.0004235497326590121,0.9551647305488586
5,669,0.009875132702291012,0.00033933663507923484,0.9535796046257019
5,670,0.009960823692381382,0.000388072308851406,0.9572752118110657
5,671,0.009917998686432838,0.00038097938522696495,0.953701913356781
5,672,0.009888729080557823,0.00036773906322196126,0.9520990252494812
5,673,0.009885678999125957,0.0003508515073917806,0.9534827470779419
5,674,0.009950343519449234,0.0004112988826818764,0.9539045095443726
5,675,0.009944841265678406,0.0004173243069089949,0.952751636505127
5,676,0.00987609289586544,0.00032989183091558516,0.9546201229095459
5,677,0.009947355836629868,0.0003954811836592853,0.9551874995231628
5,678,0.00993378646671772,0.00041736644925549626,0.9516419768333435
5,679,0.00992655660957098,0.0003771236806642264,0.9549433588981628
5,680,0.009907510131597519,0.00034519535256549716,0.9562314748764038
5,681,0.009882303886115551,0.00033408490708097816,0.9548218846321106
5,682,0.009933545254170895,0.0004060642677359283,0.95274817943573
5,683,0.009859872050583363,0.0003620449861045927,0.9497827291488647
5,684,0.009912188164889812,0.00036099174758419394,0.9551196694374084
5,685,0.00997557770460844,0.00042900588596239686,0.9546571969985962
5,686,0.009861066937446594,0.00033852949854917824,0.9522537589073181
5,687,0.009885845705866814,0.0003901582967955619,0.9495688080787659
5,688,0.00997322890907526,0.00038946233689785004,0.9583766460418701
5,689,0.009846791625022888,0.0003307982406113297,0.9515993595123291
5,690,0.00991494208574295,0.0003540173056535423,0.9560924768447876
5,691,0.009904313832521439,0.000362120452336967,0.9542193412780762
5,692,0.009899650700390339,0.00038028325070627034,0.9519367814064026
5,693,0.009933053515851498,0.0003646580735221505,0.9568395614624023
5,694,0.009873359464108944,0.0003521364997141063,0.9521222710609436
5,695,0.009866983629763126,0.0003407648182474077,0.9526219367980957
5,696,0.00994394812732935,0.0004379641613923013,0.9505984783172607
5,697,0.009894725866615772,0.00035368261160328984,0.9541043639183044
5,698,0.009923301637172699,0.000384328217478469,0.9538974165916443
5,699,0.009904364123940468,0.00035308452788740396,0.9551279544830322
5,700,0.009901575744152069,0.0003715970669873059,0.9529979228973389
5,701,0.009930272586643696,0.00042665444198064506,0.9503618478775024
5,702,0.009963322430849075,0.00041308486834168434,0.9550237655639648
5,703,0.009939582087099552,0.0004154072958044708,0.9524175524711609
5,704,0.009870406240224838,0.00037009280640631914,0.9500313401222229
5,705,0.010033012367784977,0.0004368367081042379,0.959617555141449
